{"T1": 230.50301, "T2": 160.941899, "error_rate": 0.030083}