{"T1": 121.026523, "T2": 96.970505, "error_rate": 0.028931}