{"T1": 229.344965, "T2": 160.18023, "error_rate": 0.029881}