{"qubit_qual_avg": 50.632911, "gate_qual_avg": 172.413793, "qubit_times_avg": {"q_114": 2.0, "q_109": 1.0, "q_113": 1.0}, "gate_times_avg": {"cx114_109": 1.0, "cx113_114": 1.0}}