{"trans_59": {"id": "trans_59", "depth": 42, "qubits_quality": 59.17159763313609, "gates_quality": 42.5531914893617, "qubits": {"q_114": {"times": 2, "T1": 250.64, "T2": 408.31, "error_rate": 0.0124}, "q_109": {"times": 1, "T1": 283.45, "T2": 246.29, "error_rate": 0.0339}, "q_113": {"times": 1, "T1": 155.67, "T2": 50.44, "error_rate": 0.0089}}, "gates": {"cx114_109": {"times": 1, "source": "q_114", "target": "q_109", "error_rate": 0.0071}, "cx113_114": {"times": 1, "source": "q_113", "target": "q_114", "error_rate": 0.0399}}}}