{"qubit_qual_avg": 30.847078, "gate_qual_avg": 133.83583, "qubit_times_avg": {"q_14": 8.766667, "q_0": 17.15, "q_1": 8.383333}, "gate_times_avg": {"cx14_0": 8.766667, "cx1_0": 8.383333}}