{"qubit_qual_avg": 37.553167, "gate_qual_avg": 94.775362, "qubit_times_avg": {"q_12": 2.0, "q_17": 1.0, "q_13": 1.0, "q_11": 1.0, "q_109": 1.0, "q_114": 2.0, "q_113": 1.0, "q_115": 1.0}, "gate_times_avg": {"cx12_17": 1.0, "cx12_13": 1.0, "cx12_11": 1.0, "cx109_114": 1.0, "cx113_114": 1.0, "cx115_114": 1.0}}