{"qubit_qual_avg": 37.430702, "gate_qual_avg": 119.419042, "qubit_times_avg": {"q_14": 8.966667, "q_0": 17.45, "q_1": 8.483333}, "gate_times_avg": {"cx14_0": 8.966667, "cx1_0": 8.483333}}