{"qubit_qual_avg": 34.126218, "gate_qual_avg": 77.185991, "qubit_times_avg": {"q_1": 8.95, "q_0": 17.6, "q_14": 8.65}, "gate_times_avg": {"cx1_0": 8.95, "cx0_14": 8.65}}