{"qubit_qual_avg": 68.094067, "gate_qual_avg": 116.423264, "qubit_times_avg": {"q_1": 251.45, "q_2": 67.233333, "q_3": 233.15, "q_5": 150.3, "q_6": 27.983333, "q_0": 48.266667, "q_4": 25.116667}, "gate_times_avg": {"cx1_2": 67.233333, "cx3_5": 97.2, "cx6_5": 27.983333, "cx3_1": 135.95, "cx1_0": 48.266667, "cx4_5": 25.116667}}