{"trans_59": {"id": "trans_59", "depth": 33, "qubits_quality": 41.62330905306972, "gates_quality": 270.2702702702703, "qubits": {"q_2": {"times": 1, "T1": 164.29, "T2": 117.29, "error_rate": 0.0194}, "q_1": {"times": 2, "T1": 120.06, "T2": 232.52, "error_rate": 0.0345}, "q_0": {"times": 1, "T1": 199.69, "T2": 134.23, "error_rate": 0.0077}}, "gates": {"cx2_1": {"times": 1, "source": "q_2", "target": "q_1", "error_rate": 0.0026}, "cx0_1": {"times": 1, "source": "q_0", "target": "q_1", "error_rate": 0.0048}}}}