{"qubit_qual_avg": 41.682135, "gate_qual_avg": 269.913269, "qubit_times_avg": {"q_0": 8.55, "q_1": 16.9, "q_2": 8.35}, "gate_times_avg": {"cx0_1": 8.55, "cx2_1": 8.35}}