{"qubit_qual_avg": 106.023154, "gate_qual_avg": 85.266132, "qubit_times_avg": {"q_0": 18.05, "q_14": 9.166667, "q_1": 8.883333}, "gate_times_avg": {"cx0_14": 9.166667, "cx0_1": 8.883333}}