{"qubit_qual_avg": 44.052863, "gate_qual_avg": 73.529412, "qubit_times_avg": {"q_11": 1.0, "q_12": 2.0, "q_13": 1.0}, "gate_times_avg": {"cx11_12": 1.0, "cx13_12": 1.0}}