{"qubit_qual_avg": 72.964358, "gate_qual_avg": 91.417118, "qubit_times_avg": {"q_5": 17.55, "q_6": 8.383333, "q_3": 9.166667}, "gate_times_avg": {"cx5_6": 8.383333, "cx3_5": 9.166667}}