{"qubit_qual_avg": 32.206119, "gate_qual_avg": 40.160643, "qubit_times_avg": {"q_114": 2.0, "q_109": 1.0, "q_113": 1.0}, "gate_times_avg": {"cx114_109": 1.0, "cx114_113": 1.0}}