{"qubit_qual_avg": 39.383114, "gate_qual_avg": 130.808344, "qubit_times_avg": {"q_109": 1.0, "q_114": 2.0, "q_113": 1.0, "q_17": 1.0, "q_12": 2.0, "q_13": 1.0, "q_11": 1.0, "q_115": 1.0}, "gate_times_avg": {"cx109_114": 1.0, "cx114_113": 1.0, "cx17_12": 1.0, "cx13_12": 1.0, "cx11_12": 1.0, "cx115_114": 1.0}}