{"qubit_qual_avg": 74.461279, "gate_qual_avg": 127.042903, "qubit_times_avg": {"q_5": 6.45, "q_6": 1.966667, "q_4": 2.983333, "q_3": 1.5}, "gate_times_avg": {"cx5_6": 1.966667, "cx5_4": 2.983333, "cx3_5": 1.5}}