{"qubit_qual_avg": 58.026608, "gate_qual_avg": 152.451598, "qubit_times_avg": {"q_0": 17.45, "q_14": 8.9, "q_1": 8.55}, "gate_times_avg": {"cx0_14": 8.9, "cx0_1": 8.55}}