{"qubit_qual_avg": 11.730603, "gate_qual_avg": 322.580645, "qubit_times_avg": {"q_0": 16.883333, "q_1": 8.433333, "q_15": 8.45}, "gate_times_avg": {"cx0_1": 8.433333, "cx15_0": 8.45}}