{"trans_59": {"id": "trans_59", "depth": 42, "qubits_quality": 24.96878901373283, "gates_quality": 42.5531914893617, "qubits": {"q_114": {"times": 2, "T1": 302.42, "T2": 138.92, "error_rate": 0.0529}, "q_109": {"times": 1, "T1": 224.59, "T2": 221.83, "error_rate": 0.0365}, "q_113": {"times": 1, "T1": 352.85, "T2": 307.93, "error_rate": 0.0179}}, "gates": {"cx114_109": {"times": 1, "source": "q_114", "target": "q_109", "error_rate": 0.0065}, "cx113_114": {"times": 1, "source": "q_113", "target": "q_114", "error_rate": 0.0405}}}}