{"qubit_qual_avg": 48.543689, "gate_qual_avg": 109.89011, "qubit_times_avg": {"q_12": 2.0, "q_11": 1.0, "q_13": 1.0}, "gate_times_avg": {"cx12_11": 1.0, "cx12_13": 1.0}}