{"trans_59": {"id": "trans_59", "depth": 34, "qubits_quality": 44.05286343612335, "gates_quality": 73.52941176470588, "qubits": {"q_11": {"times": 1, "T1": 142.81, "T2": 77.93, "error_rate": 0.0336}, "q_12": {"times": 2, "T1": 217.77, "T2": 248.59, "error_rate": 0.0252}, "q_13": {"times": 1, "T1": 465.78, "T2": 310.21, "error_rate": 0.0068}}, "gates": {"cx11_12": {"times": 1, "source": "q_11", "target": "q_12", "error_rate": 0.0225}, "cx13_12": {"times": 1, "source": "q_13", "target": "q_12", "error_rate": 0.0047}}}}