{"qubit_qual_avg": 95.110028, "gate_qual_avg": 108.951513, "qubit_times_avg": {"q_43": 1.666667, "q_42": 1.0, "q_34": 1.5, "q_114": 1.0, "q_109": 2.0, "q_96": 1.0, "q_94": 2.0, "q_95": 1.0, "q_90": 1.0, "q_57": 1.0, "q_58": 1.5, "q_59": 1.25, "q_120": 1.333333, "q_119": 1.0, "q_121": 1.666667, "q_62": 1.0, "q_63": 2.0, "q_64": 1.0, "q_118": 1.333333, "q_110": 1.5, "q_100": 1.333333, "q_28": 1.333333, "q_35": 1.0, "q_29": 1.5, "q_101": 1.5, "q_102": 1.0, "q_117": 1.25, "q_104": 1.333333, "q_111": 1.5, "q_122": 1.0, "q_91": 1.4, "q_79": 1.4, "q_80": 1.0, "q_3": 1.0, "q_4": 1.5, "q_5": 1.333333, "q_47": 1.5, "q_46": 1.5, "q_48": 1.0, "q_105": 1.5, "q_60": 1.4, "q_53": 1.0, "q_106": 1.0, "q_70": 1.0, "q_74": 2.0, "q_89": 1.0, "q_55": 1.0, "q_49": 1.5, "q_17": 1.0, "q_30": 1.5, "q_31": 1.0, "q_123": 2.0, "q_124": 1.0, "q_99": 1.0, "q_45": 1.0, "q_116": 1.666667, "q_115": 1.0, "q_7": 1.5, "q_6": 1.333333, "q_82": 2.0, "q_81": 1.0, "q_83": 1.0, "q_93": 2.0, "q_87": 1.0, "q_27": 1.5, "q_26": 1.5, "q_40": 2.0, "q_39": 1.333333, "q_41": 1.0, "q_20": 1.5, "q_21": 1.5, "q_22": 1.0, "q_61": 1.666667, "q_24": 1.0, "q_44": 1.0, "q_98": 1.333333, "q_16": 1.0, "q_37": 1.666667, "q_52": 1.0, "q_38": 1.25, "q_50": 2.0, "q_51": 1.0, "q_56": 2.0, "q_19": 1.0, "q_78": 2.0, "q_77": 1.0, "q_33": 1.0, "q_36": 1.0, "q_32": 2.0, "q_8": 1.0, "q_72": 2.0}, "gate_times_avg": {"cx43_42": 1.0, "cx43_34": 1.0, "cx114_109": 1.0, "cx109_96": 1.0, "cx94_95": 1.0, "cx94_90": 1.0, "cx57_58": 1.0, "cx58_59": 1.0, "cx120_119": 1.0, "cx120_121": 1.0, "cx62_63": 1.0, "cx64_63": 1.0, "cx118_110": 1.0, "cx100_110": 1.0, "cx28_35": 1.0, "cx29_28": 1.0, "cx101_100": 1.0, "cx101_102": 1.0, "cx117_118": 1.0, "cx104_111": 1.0, "cx111_122": 1.0, "cx91_79": 1.0, "cx80_79": 1.0, "cx3_4": 1.0, "cx4_5": 1.0, "cx47_46": 1.0, "cx47_48": 1.0, "cx104_105": 1.0, "cx59_60": 1.0, "cx53_60": 1.0, "cx105_106": 1.0, "cx70_74": 1.0, "cx74_89": 1.0, "cx55_49": 1.0, "cx49_48": 1.0, "cx122_121": 1.0, "cx17_30": 1.0, "cx31_30": 1.0, "cx123_124": 1.0, "cx123_122": 1.0, "cx30_29": 1.0, "cx99_100": 1.0, "cx46_45": 1.0, "cx117_116": 1.0, "cx116_115": 1.0, "cx7_6": 1.0, "cx5_6": 1.0, "cx82_81": 1.0, "cx83_82": 1.0, "cx93_87": 1.0, "cx106_93": 1.0, "cx27_26": 1.0, "cx27_28": 1.0, "cx40_39": 1.0, "cx41_40": 1.0, "cx20_21": 1.0, "cx21_22": 1.0, "cx62_61": 1.0, "cx61_60": 1.0, "cx34_24": 1.0, "cx43_44": 1.0, "cx91_98": 1.0, "cx26_16": 1.0, "cx99_98": 1.0, "cx37_52": 1.0, "cx38_37": 1.0, "cx49_50": 1.0, "cx51_50": 1.0, "cx52_56": 1.0, "cx57_56": 1.0, "cx20_19": 1.0, "cx78_77": 1.0, "cx79_78": 1.0, "cx39_38": 1.0, "cx33_39": 1.0, "cx36_32": 1.0, "cx31_32": 1.0, "cx7_8": 1.0, "cx72_81": 1.0, "cx62_72": 1.0}}