{"qubit_qual_avg": 73.557242, "gate_qual_avg": 122.277866, "qubit_times_avg": {"q_3": 17.85, "q_5": 9.3, "q_1": 8.55}, "gate_times_avg": {"cx3_5": 9.3, "cx3_1": 8.55}}