{"qubit_qual_avg": 82.12399, "gate_qual_avg": 100.990409, "qubit_times_avg": {"q_1": 226.0, "q_2": 50.416667, "q_5": 177.7, "q_6": 35.383333, "q_3": 242.5, "q_0": 45.983333, "q_4": 29.416667}, "gate_times_avg": {"cx1_2": 50.416667, "cx5_6": 35.383333, "cx5_3": 112.9, "cx3_1": 129.6, "cx0_1": 45.983333, "cx5_4": 29.416667}}