{"qubit_qual_avg": 65.930991, "gate_qual_avg": 95.206535, "qubit_times_avg": {"q_0": 17.8, "q_1": 8.616667, "q_14": 9.183333}, "gate_times_avg": {"cx0_1": 8.616667, "cx0_14": 9.183333}}