{"qubit_qual_avg": 74.457661, "gate_qual_avg": 97.483314, "qubit_times_avg": {"q_4": 3.083333, "q_5": 6.45, "q_6": 1.966667, "q_3": 1.4}, "gate_times_avg": {"cx4_5": 3.083333, "cx6_5": 1.966667, "cx3_5": 1.4}}