{"trans_59": {"id": "trans_59", "depth": 47, "qubits_quality": 32.2061191626409, "gates_quality": 40.16064257028113, "qubits": {"q_114": {"times": 2, "T1": 183.9, "T2": 127.06, "error_rate": 0.0118}, "q_109": {"times": 1, "T1": 189.46, "T2": 142.15, "error_rate": 0.0122}, "q_113": {"times": 1, "T1": 253.36, "T2": 115.63, "error_rate": 0.0884}}, "gates": {"cx114_109": {"times": 1, "source": "q_114", "target": "q_109", "error_rate": 0.0152}, "cx114_113": {"times": 1, "source": "q_114", "target": "q_113", "error_rate": 0.0346}}}}