{"trans_59": {"id": "trans_59", "depth": 42, "qubits_quality": 19.48368241597662, "gates_quality": 56.33802816901408, "qubits": {"q_114": {"times": 2, "T1": 350.02, "T2": 256.66, "error_rate": 0.0102}, "q_115": {"times": 1, "T1": 284.81, "T2": 95.45, "error_rate": 0.1082}, "q_113": {"times": 1, "T1": 118.23, "T2": 167.0, "error_rate": 0.0767}}, "gates": {"cx114_115": {"times": 1, "source": "q_114", "target": "q_115", "error_rate": 0.0074}, "cx113_114": {"times": 1, "source": "q_113", "target": "q_114", "error_rate": 0.0281}}}}