{"trans_59": {"id": "trans_59", "depth": 42, "qubits_quality": 62.695924764890286, "gates_quality": 235.2941176470588, "qubits": {"q_12": {"times": 2, "T1": 314.03, "T2": 173.77, "error_rate": 0.0159}, "q_17": {"times": 1, "T1": 386.68, "T2": 379.17, "error_rate": 0.0083}, "q_13": {"times": 1, "T1": 349.93, "T2": 122.42, "error_rate": 0.0237}}, "gates": {"cx12_17": {"times": 1, "source": "q_12", "target": "q_17", "error_rate": 0.0044}, "cx13_12": {"times": 1, "source": "q_13", "target": "q_12", "error_rate": 0.0041}}}}