{"trans_59": {"id": "trans_59", "depth": 47, "qubits_quality": 48.543689320388346, "gates_quality": 109.89010989010988, "qubits": {"q_12": {"times": 2, "T1": 406.83, "T2": 48.26, "error_rate": 0.0119}, "q_11": {"times": 1, "T1": 419.83, "T2": 56.3, "error_rate": 0.0508}, "q_13": {"times": 1, "T1": 384.49, "T2": 58.23, "error_rate": 0.0078}}, "gates": {"cx12_11": {"times": 1, "source": "q_12", "target": "q_11", "error_rate": 0.0085}, "cx12_13": {"times": 1, "source": "q_12", "target": "q_13", "error_rate": 0.0097}}}}