{"qubit_qual_avg": 85.562577, "gate_qual_avg": 125.948902, "qubit_times_avg": {"q_5": 4.0, "q_4": 4.0, "q_3": 4.0, "q_1": 4.0, "q_6": 4.0, "q_2": 4.0, "q_0": 4.0}, "gate_times_avg": {"cx5_4": 4.0, "cx5_3": 4.0, "cx3_1": 4.0, "cx6_5": 4.0, "cx2_1": 4.0, "cx1_0": 4.0}}