{"qubit_qual_avg": 57.942781, "gate_qual_avg": 43.664831, "qubit_times_avg": {"q_114": 2.0, "q_109": 1.0, "q_113": 1.0, "q_17": 1.0, "q_12": 2.0, "q_13": 1.0, "q_11": 1.0, "q_115": 1.0}, "gate_times_avg": {"cx114_109": 1.0, "cx113_114": 1.0, "cx17_12": 1.0, "cx12_13": 1.0, "cx11_12": 1.0, "cx114_115": 1.0}}