{"trans_59": {"id": "trans_59", "depth": 33, "qubits_quality": 23.823704586063133, "gates_quality": 212.7659574468085, "qubits": {"q_115": {"times": 1, "T1": 105.65, "T2": 111.52, "error_rate": 0.0919}, "q_114": {"times": 2, "T1": 139.56, "T2": 116.36, "error_rate": 0.025}, "q_129": {"times": 1, "T1": 269.12, "T2": 138.52, "error_rate": 0.026}}, "gates": {"cx115_114": {"times": 1, "source": "q_115", "target": "q_114", "error_rate": 0.0025}, "cx129_114": {"times": 1, "source": "q_129", "target": "q_114", "error_rate": 0.0069}}}}