{"qubit_qual_avg": 174.772242, "gate_qual_avg": 168.476292, "qubit_times_avg": {"q_0": 17.5, "q_1": 8.516667, "q_14": 8.983333}, "gate_times_avg": {"cx0_1": 8.516667, "cx0_14": 8.983333}}