{"qubit_qual_avg": 83.667904, "gate_qual_avg": 137.327309, "qubit_times_avg": {"q_14": 9.116667, "q_0": 17.45, "q_1": 8.333333}, "gate_times_avg": {"cx14_0": 9.116667, "cx0_1": 8.333333}}