{"qubit_qual_avg": 31.277733, "gate_qual_avg": 41.400013, "qubit_times_avg": {"q_17": 1.0, "q_12": 2.0, "q_13": 1.0, "q_11": 1.0, "q_109": 1.0, "q_114": 2.0, "q_113": 1.0, "q_115": 1.0}, "gate_times_avg": {"cx17_12": 1.0, "cx13_12": 1.0, "cx11_12": 1.0, "cx109_114": 1.0, "cx114_113": 1.0, "cx114_115": 1.0}}