{"trans_59": {"id": "trans_59", "depth": 34, "qubits_quality": 58.4795321637427, "gates_quality": 95.69377990430621, "qubits": {"q_11": {"times": 1, "T1": 239.18, "T2": 204.58, "error_rate": 0.0183}, "q_12": {"times": 2, "T1": 414.91, "T2": 283.26, "error_rate": 0.0174}, "q_13": {"times": 1, "T1": 317.76, "T2": 93.64, "error_rate": 0.0153}}, "gates": {"cx11_12": {"times": 1, "source": "q_11", "target": "q_12", "error_rate": 0.0081}, "cx13_12": {"times": 1, "source": "q_13", "target": "q_12", "error_rate": 0.0128}}}}