{"trans_59": {"id": "trans_59", "depth": 42, "qubits_quality": 50.63291139240507, "gates_quality": 172.41379310344828, "qubits": {"q_114": {"times": 2, "T1": 205.24, "T2": 56.31, "error_rate": 0.0129}, "q_109": {"times": 1, "T1": 154.11, "T2": 177.26, "error_rate": 0.036}, "q_113": {"times": 1, "T1": 242.61, "T2": 226.99, "error_rate": 0.0172}}, "gates": {"cx114_109": {"times": 1, "source": "q_114", "target": "q_109", "error_rate": 0.0058}, "cx113_114": {"times": 1, "source": "q_113", "target": "q_114", "error_rate": 0.0058}}}}