{"qubit_qual_avg": 36.248414, "gate_qual_avg": 111.395042, "qubit_times_avg": {"q_2": 17.65, "q_3": 9.3, "q_1": 8.35}, "gate_times_avg": {"cx2_3": 9.3, "cx2_1": 8.35}}