{"qubit_qual_avg": 36.508453, "gate_qual_avg": 103.450652, "qubit_times_avg": {"q_1": 260.65, "q_2": 70.65, "q_3": 225.4, "q_5": 139.9, "q_6": 25.1, "q_0": 56.866667, "q_4": 22.533333}, "gate_times_avg": {"cx1_2": 70.65, "cx3_5": 92.266667, "cx1_3": 133.133333, "cx6_5": 25.1, "cx1_0": 56.866667, "cx4_5": 22.533333}}