{"qubit_qual_avg": 36.993862, "gate_qual_avg": 149.991417, "qubit_times_avg": {"q_1": 17.35, "q_2": 8.35, "q_0": 9.0}, "gate_times_avg": {"cx1_2": 8.35, "cx1_0": 9.0}}