{"qubit_qual_avg": 38.595932, "gate_qual_avg": 118.101601, "qubit_times_avg": {"q_1": 4.733333, "q_2": 6.733333, "q_3": 5.0, "q_4": 3.0}, "gate_times_avg": {"cx1_2": 4.733333, "cx3_4": 3.0, "cx2_3": 2.0}}