{"qubit_qual_avg": 34.537933, "gate_qual_avg": 113.530664, "qubit_times_avg": {"q_2": 4.0, "q_1": 4.0, "q_4": 4.0, "q_3": 4.0, "q_0": 4.0}, "gate_times_avg": {"cx2_1": 4.0, "cx4_3": 4.0, "cx1_0": 4.0, "cx3_1": 4.0}}