{"qubit_qual_avg": 0.0, "gate_qual_avg": 0.0, "qubit_times_avg": {"q_3": 17.7, "q_4": 8.833333, "q_2": 8.866667}, "gate_times_avg": {"cx3_4": 8.833333, "cx3_2": 8.866667}}