{"qubit_qual_avg": 39.164525, "gate_qual_avg": 101.898294, "qubit_times_avg": {"q_0": 3.15, "q_1": 6.85, "q_3": 2.233333, "q_2": 1.466667}, "gate_times_avg": {"cx0_1": 3.15, "cx3_1": 2.233333, "cx2_1": 1.466667}}