{"qubit_qual_avg": 0.0, "gate_qual_avg": 0.0, "qubit_times_avg": {"q_1": 4.766667, "q_2": 6.766667, "q_3": 5.0, "q_4": 3.0}, "gate_times_avg": {"cx1_2": 4.766667, "cx3_4": 3.0, "cx3_2": 2.0}}