{"qubit_qual_avg": 29.187082, "gate_qual_avg": 82.436406, "qubit_times_avg": {"q_0": 5.133333, "q_1": 7.133333, "q_3": 5.0, "q_4": 3.0}, "gate_times_avg": {"cx0_1": 5.133333, "cx3_4": 3.0, "cx1_3": 2.0}}