{"qubit_qual_avg": 36.109781, "gate_qual_avg": 115.122748, "qubit_times_avg": {"q_0": 3.0, "q_1": 6.3, "q_3": 1.866667, "q_2": 1.433333}, "gate_times_avg": {"cx0_1": 3.0, "cx3_1": 1.866667, "cx2_1": 1.433333}}